Metric,Value
Total Trades,130.0
Win Rate %,22.30769230769231
Net Profit $,567.1521596831371
Profit Factor,1.0571736057259378
Max Drawdown %,-15.265916657109816
Total Return %,5.671521596831371
Avg Trade $,4.362708920639516
Avg Win $,361.61989980406713
Avg Loss $,98.21608846173079
